[{
  "_id": {
    "$oid": "6370e03904d22e80064992de"
  },
  "name": "Lucas Smith",
  "module_1": "French",
  "module_1_result": 50,
  "module_2": "Science",
  "module_2_result": 75,
  "module_3": "English",
  "module_3_result": 77,
  "__v": 0
},{
  "_id": {
    "$oid": "6370e3319919d4762df1eeca"
  },
  "name": "George Harrison",
  "module_1": "French",
  "module_1_result": 44,
  "module_2": "Science",
  "module_2_result": 99,
  "module_3": "English",
  "module_3_result": 99,
  "__v": 0
},{
  "_id": {
    "$oid": "6370e34d619c40bd9c31110c"
  },
  "name": "Aiden Hannam",
  "module_1": "Music",
  "module_1_result": 0,
  "module_2": "Science",
  "module_2_result": 0,
  "module_3": "English",
  "module_3_result": 5,
  "__v": 0
},{
  "_id": {
    "$oid": "637506acbe59578336287c32"
  },
  "name": "Tony Blah",
  "module_1": "English",
  "module_1_result": 99,
  "module_2": "Science",
  "module_2_result": 75,
  "module_3": "English",
  "module_3_result": 77,
  "__v": 0
},{
  "_id": {
    "$oid": "637674895e3dcdfe975ca3e3"
  },
  "name": "Sam Smith",
  "module_1": "Religious Education",
  "module_1_result": 24,
  "module_2": "Maths",
  "module_2_result": 0,
  "module_3": "English",
  "module_3_result": 87,
  "__v": 0
},{
  "_id": {
    "$oid": "637674ea5e3dcdfe975ca3eb"
  },
  "name": "Max Plim",
  "module_1": "Physical Education",
  "module_1_result": 87,
  "module_2": "Art",
  "module_2_result": 99,
  "module_3": "English",
  "module_3_result": 13,
  "__v": 0
},{
  "_id": {
    "$oid": "63792a2cb854bb020eca1322"
  },
  "name": "Jack Morsey",
  "module_1": "French",
  "module_1_result": 43,
  "module_2": "English",
  "module_2_result": 55,
  "module_3": "Music",
  "module_3_result": 88,
  "__v": 0
},{
  "_id": {
    "$oid": "639f811f0573e8f5882cb193"
  },
  "name": "ttttttttttete",
  "module_1": "tetete",
  "module_1_result": 0,
  "module_2": "tetet",
  "module_2_result": 0,
  "module_3": "etete",
  "module_3_result": 0,
  "__v": 0
}]